kabupaten_kota_asli,tahun,actual,prediction_lr
Kab. Balangan,2024,36.24,45.867961025787906
Kab. Balangan,2025,38.35,43.72795384578933
Kota Balikpapan,2024,25.34,36.58788146962341
Kota Balikpapan,2025,39.36,36.99547557913807
Kab. Banjar,2024,37.79,41.11610168452718
Kab. Banjar,2025,38.2,39.930673927158026
Kota Banjarbaru,2024,31.17,39.27832324298369
Kota Banjarbaru,2025,29.78,38.206382946503325
Kota Banjarmasin,2024,42.57,42.70925478751711
Kota Banjarmasin,2025,43.87,42.22810651633944
Kab. Barito Kuala,2024,37.36,37.90820537541268
Kab. Barito Kuala,2025,35.49,36.58324883626321
Kab. Barito Selatan,2024,35.49,38.23325750075088
Kab. Barito Selatan,2025,31.27,37.23042070488327
Kab. Barito Timur,2024,34.9,37.93615641475628
Kab. Barito Timur,2025,38.17,39.256222727185815
Kab. Barito Utara,2024,23.79,31.847812930065526
Kab. Barito Utara,2025,25.69,31.306992222743517
Kab. Bengkayang,2024,30.57,37.32999375311941
Kab. Bengkayang,2025,28.32,35.099239642967504
Kab. Berau,2024,29.42,38.18979888162754
Kab. Berau,2025,38.24,41.509005568934626
Kota Bontang,2025,29.39,43.0176549781757
Kab. Bulungan,2024,35.91,35.08865812013474
Kab. Bulungan,2025,36.35,35.81070228670702
Kab. Gunung Mas,2024,27.65,32.32077216077229
Kab. Gunung Mas,2025,20.51,29.515994216044536
Kab. Hulu Sungai Selatan,2024,47.11,50.82082846950714
Kab. Hulu Sungai Selatan,2025,47.26,50.13532146822776
Kab. Hulu Sungai Tengah,2024,47.53,57.081463183427815
Kab. Hulu Sungai Tengah,2025,44.51,55.261275963282024
Kab. Hulu Sungai Utara,2024,52.29,59.09273988803605
Kab. Hulu Sungai Utara,2025,55.68,57.2126325518063
Kab. Kapuas,2024,30.67,41.99230872093085
Kab. Kapuas,2025,33.16,41.77599745027625
Kab. Kapuas Hulu,2024,27.94,37.19667001380015
Kab. Kapuas Hulu,2025,22.25,32.32864292769027
Kab. Katingan,2024,33.26,37.1545591788844
Kab. Katingan,2025,32.01,33.1063358872003
Kab. Kayong Utara,2024,34.25,40.988426743580945
Kab. Kayong Utara,2025,34.33,37.3913583118992
Kab. Ketapang,2024,36.56,40.89980427269441
Kab. Ketapang,2025,36.53,39.51937839730958
Kab. Kotabaru,2024,39.89,40.59332509327672
Kab. Kotabaru,2025,40.06,44.68186754605956
Kab. Kotawaringin Barat,2024,33.04,40.05045580111383
Kab. Kotawaringin Barat,2025,38.06,37.74492521804805
Kab. Kotawaringin Timur,2024,32.46,42.04017870233425
Kab. Kotawaringin Timur,2025,33.51,37.95655691732429
Kab. Kubu Raya,2024,27.11,36.803811033162084
Kab. Kubu Raya,2025,30.11,34.4726668151593
Kab. Kutai Barat,2024,30.01,35.96283854061006
Kab. Kutai Barat,2025,30.61,36.52282191199704
Kab. Kutai Kartanegara,2024,40.93,46.176802043105575
Kab. Kutai Kartanegara,2025,42.18,46.17200595746355
Kab. Kutai Timur,2024,36.78,40.76844835680832
Kab. Kutai Timur,2025,36.12,41.37727202584643
Kab. Lamandau,2024,27.61,35.899020356815456
Kab. Lamandau,2025,29.76,36.09898110093269
Kab. Landak,2024,31.09,43.45216349564568
Kab. Landak,2025,27.89,40.41244021657813
Kab. Mahakam Ulu,2024,24.07,34.97477744904417
Kab. Mahakam Ulu,2025,36.36,35.549698797649754
Kab. Malinau,2024,37.51,35.71303683049025
Kab. Malinau,2025,41.47,37.037065390270996
Kab. Melawi,2024,27.11,35.13286047934666
Kab. Melawi,2025,21.75,33.57856622014321
Kab. Mempawah,2024,35.2,39.03114886430153
Kab. Mempawah,2025,33.77,35.3609574602714
Kab. Murung Raya,2024,16.94,25.60124241569337
Kab. Murung Raya,2025,12.54,24.32457169608381
Kab. Nunukan,2024,36.31,39.036924620581594
Kab. Nunukan,2025,36.57,39.80209038850354
Kota Palangka Raya,2024,31.9,38.46014270108237
Kota Palangka Raya,2025,37.5,37.917278341256086
Kab. Paser,2024,46.63,45.16879366606776
Kab. Paser,2025,46.34,45.04869117374989
Kab. Penajam Paser Utara,2024,36.37,38.62482580727385
Kab. Penajam Paser Utara,2025,35.06,38.62710892795599
Kota Pontianak,2024,27.86,39.46325617610676
Kota Pontianak,2025,33.01,38.30450229827352
Kab. Pulang Pisau,2024,38.7,33.599560168894556
Kab. Pulang Pisau,2025,40.87,33.82223747891223
Kota Samarinda,2024,42.44,46.979729446131735
Kota Samarinda,2025,41.42,46.961258587845954
Kab. Sambas,2024,30.45,31.391960185946743
Kab. Sambas,2025,30.03,32.11452069581574
Kab. Sanggau,2024,25.64,32.17606572185448
Kab. Sanggau,2025,22.76,30.82606545642667
Kab. Sekadau,2024,31.8,36.56265103341495
Kab. Sekadau,2025,27.04,39.06402543898649
Kab. Seruyan,2024,30.08,31.32254071141224
Kab. Seruyan,2025,27.6,28.927058120617318
Kota Singkawang,2024,36.39,42.701843678508844
Kota Singkawang,2025,32.71,41.48876083420729
Kab. Sintang,2024,28.29,33.961092221638225
Kab. Sintang,2025,22.12,36.50975491919006
Kab. Sukamara,2024,28.55,34.87807498959107
Kab. Sukamara,2025,38.03,35.095603762039275
Kab. Tabalong,2024,47.29,51.55536459498367
Kab. Tabalong,2025,47.68,49.7716420390353
Kab. Tana Tidung,2024,32.42,29.353352439832705
Kab. Tana Tidung,2025,33.88,32.81707264650733
Kab. Tanah Bumbu,2024,40.26,48.91584018590719
Kab. Tanah Bumbu,2025,42.5,46.35338085614302
Kab. Tanah Laut,2024,42.73,43.26383655538281
Kab. Tanah Laut,2025,40.92,42.08928855234349
Kab. Tapin,2024,41.46,45.705159883986894
Kab. Tapin,2025,42.43,44.7169411295708
Kota Tarakan,2024,32.0,32.00232526361791
Kota Tarakan,2025,31.45,30.908168941635275
